id_venda,id_produto,produto,quantidade,preco,data
0,6,Mouse,5,198.810549,2024-09-15 07:18:20.711089
1,1,Notebook,5,411.141865,2025-02-24 07:18:20.711089
2,6,Mouse,3,274.397016,2025-02-09 07:18:20.711089
3,2,Smartphone,5,391.361413,2024-11-21 07:18:20.711089
4,5,Teclado,2,644.057684,2025-07-11 07:18:20.711089
5,4,Monitor,1,846.563032,2024-10-07 07:18:20.711089
6,2,Smartphone,2,508.693150,2025-03-11 07:18:20.711089
7,3,Tablet,1,124.052316,2025-02-20 07:18:20.711089
8,4,Monitor,2,865.039297,2024-12-12 07:18:20.711089
9,4,Monitor,1,790.848428,2025-01-03 07:18:20.711089
10,8,Cadeira,5,863.521466,2024-09-06 07:18:20.711089
11,5,Teclado,4,833.682064,2024-11-24 07:18:20.711089
12,2,Smartphone,5,944.042451,2025-03-24 07:18:20.711089
13,2,Smartphone,4,285.895507,2025-02-22 07:18:20.711089
14,10,Estante,2,601.146086,2024-10-21 07:18:20.711089
15,2,Smartphone,4,548.684616,2025-01-08 07:18:20.712088
16,7,Impressora,3,350.027800,2024-08-23 07:18:20.712088
17,1,Notebook,5,263.829956,2024-10-09 07:18:20.712088
18,10,Estante,3,490.413273,2025-03-09 07:18:20.712088
19,10,Estante,5,339.212088,2025-01-25 07:18:20.712088
20,5,Teclado,1,981.444893,2025-05-02 07:18:20.712088
21,4,Monitor,5,370.176419,2025-03-26 07:18:20.712088
22,2,Smartphone,2,828.019727,2025-02-21 07:18:20.712088
23,7,Impressora,4,812.468060,2025-02-22 07:18:20.712088
24,4,Monitor,2,928.664742,2024-08-12 07:18:20.712088
25,6,Mouse,4,418.951260,2025-04-29 07:18:20.712088
26,10,Estante,1,407.627724,2024-08-18 07:18:20.712088
27,1,Notebook,4,705.889351,2025-07-13 07:18:20.712088
28,4,Monitor,2,431.462803,2024-11-16 07:18:20.712088
29,8,Cadeira,1,174.521904,2025-05-07 07:18:20.712088
30,6,Mouse,5,205.048615,2024-11-18 07:18:20.712088
31,3,Tablet,3,767.292627,2024-12-17 07:18:20.712088
32,7,Impressora,3,840.492715,2025-02-08 07:18:20.712088
33,7,Impressora,3,727.320746,2024-11-12 07:18:20.712088
34,2,Smartphone,2,212.788743,2024-12-14 07:18:20.712088
35,4,Monitor,5,267.717419,2024-08-31 07:18:20.712088
36,1,Notebook,1,340.100476,2025-07-22 07:18:20.712088
37,4,Monitor,3,143.087896,2025-03-28 07:18:20.712088
38,5,Teclado,1,727.509209,2025-01-18 07:18:20.712088
39,7,Impressora,1,513.336730,2024-11-22 07:18:20.712088
40,6,Mouse,2,869.043172,2024-12-03 07:18:20.712088
41,2,Smartphone,3,609.131237,2025-02-02 07:18:20.712088
42,3,Tablet,1,408.676632,2024-08-21 07:18:20.712088
43,1,Notebook,4,508.598864,2025-02-21 07:18:20.712088
44,7,Impressora,4,152.988072,2025-04-02 07:18:20.712088
45,5,Teclado,2,731.378063,2024-11-08 07:18:20.712088
46,2,Smartphone,1,778.959737,2024-11-11 07:18:20.712088
47,3,Tablet,4,691.188580,2025-03-03 07:18:20.712088
48,9,Mesa,4,700.423788,2025-01-28 07:18:20.712088
49,3,Tablet,3,684.124890,2025-05-06 07:18:20.712088
50,9,Mesa,1,250.983825,2025-03-03 07:18:20.712088
51,8,Cadeira,5,562.436193,2025-02-21 07:18:20.712088
52,3,Tablet,5,175.827079,2025-04-08 07:18:20.713088
53,3,Tablet,5,959.919959,2025-01-11 07:18:20.713088
54,6,Mouse,3,195.761116,2025-01-10 07:18:20.713088
55,1,Notebook,1,192.815996,2025-06-21 07:18:20.713088
56,4,Monitor,2,652.155787,2025-06-30 07:18:20.713088
57,6,Mouse,5,868.368000,2025-04-28 07:18:20.713088
58,5,Teclado,1,208.021821,2025-03-25 07:18:20.713088
59,5,Teclado,4,533.618948,2025-04-05 07:18:20.713088
60,6,Mouse,1,908.096553,2025-06-25 07:18:20.713088
61,9,Mesa,5,900.943862,2025-04-02 07:18:20.713088
62,10,Estante,2,869.724696,2025-01-15 07:18:20.713088
63,10,Estante,5,324.068872,2025-07-24 07:18:20.713088
64,10,Estante,4,807.911832,2024-10-25 07:18:20.713088
65,1,Notebook,5,188.849317,2024-09-02 07:18:20.713088
66,3,Tablet,2,403.509711,2025-02-20 07:18:20.713088
67,4,Monitor,4,503.123090,2025-07-22 07:18:20.713088
68,2,Smartphone,4,764.299738,2025-01-14 07:18:20.713088
69,3,Tablet,5,856.645603,2024-08-11 07:18:20.713088
70,5,Teclado,2,993.995801,2024-12-19 07:18:20.713088
71,6,Mouse,3,689.640893,2024-11-13 07:18:20.713088
72,3,Tablet,3,257.079825,2025-03-19 07:18:20.713088
73,5,Teclado,3,844.933759,2025-04-25 07:18:20.713088
74,10,Estante,3,748.035014,2025-05-11 07:18:20.713088
75,3,Tablet,4,508.388419,2025-04-26 07:18:20.713088
76,5,Teclado,3,776.705807,2025-01-08 07:18:20.713088
77,7,Impressora,4,391.890177,2025-02-27 07:18:20.713088
78,6,Mouse,5,141.926766,2024-10-13 07:18:20.713088
79,9,Mesa,1,771.028822,2025-05-23 07:18:20.713088
80,7,Impressora,3,456.991108,2025-06-29 07:18:20.713088
81,9,Mesa,5,212.702672,2024-12-15 07:18:20.713088
82,10,Estante,2,413.423032,2025-03-18 07:18:20.714087
83,2,Smartphone,1,850.177056,2024-11-21 07:18:20.714087
84,8,Cadeira,1,949.209678,2024-12-11 07:18:20.714087
85,4,Monitor,4,947.374311,2024-09-09 07:18:20.714087
86,5,Teclado,3,528.997401,2024-10-15 07:18:20.714087
87,8,Cadeira,3,617.594347,2024-09-03 07:18:20.714087
88,1,Notebook,1,659.486089,2025-07-19 07:18:20.714087
89,4,Monitor,4,314.095405,2024-11-25 07:18:20.714087
90,8,Cadeira,1,442.926163,2025-03-10 07:18:20.714087
91,1,Notebook,1,401.423479,2024-07-28 07:18:20.714087
92,10,Estante,2,235.117122,2025-06-20 07:18:20.714087
93,5,Teclado,5,365.618800,2025-07-16 07:18:20.714087
94,8,Cadeira,3,249.644260,2025-07-06 07:18:20.714087
95,9,Mesa,4,527.047540,2024-11-26 07:18:20.714087
96,9,Mesa,1,355.165954,2024-11-19 07:18:20.714087
97,8,Cadeira,1,776.111543,2025-04-23 07:18:20.714087
98,10,Estante,3,876.136386,2025-05-25 07:18:20.714087
99,2,Smartphone,4,450.817964,2025-06-07 07:18:20.714087
100,5,Teclado,2,669.177598,2024-10-25 07:18:20.714087
101,9,Mesa,1,776.879209,2025-06-27 07:18:20.714087
102,8,Cadeira,5,474.651437,2025-01-16 07:18:20.714087
103,5,Teclado,1,334.004446,2025-07-26 07:18:20.714087
104,10,Estante,2,759.666442,2024-08-27 07:18:20.714087
105,3,Tablet,1,407.470723,2025-01-21 07:18:20.714087
106,5,Teclado,2,375.413689,2025-02-13 07:18:20.714087
107,7,Impressora,3,123.405439,2025-03-26 07:18:20.714087
108,9,Mesa,3,703.622896,2024-08-06 07:18:20.714087
109,9,Mesa,3,947.682691,2025-06-08 07:18:20.714087
110,10,Estante,3,465.142160,2025-05-17 07:18:20.714087
111,9,Mesa,1,963.960726,2025-07-16 07:18:20.714087
112,1,Notebook,3,304.887762,2025-07-18 07:18:20.714087
113,10,Estante,3,968.188235,2024-08-08 07:18:20.714087
114,8,Cadeira,4,693.244186,2024-10-11 07:18:20.714087
115,3,Tablet,4,279.576641,2024-08-31 07:18:20.714087
116,2,Smartphone,4,134.343072,2024-07-27 07:18:20.714087
117,10,Estante,3,372.503395,2025-07-23 07:18:20.714087
118,2,Smartphone,1,921.452732,2024-11-20 07:18:20.714087
119,3,Tablet,4,342.115379,2025-06-10 07:18:20.714087
120,10,Estante,3,692.958735,2024-12-03 07:18:20.714087
121,3,Tablet,4,903.333070,2024-09-05 07:18:20.714087
122,3,Tablet,4,249.188908,2025-06-14 07:18:20.715087
123,8,Cadeira,4,177.107202,2024-10-31 07:18:20.715087
124,4,Monitor,3,699.086963,2024-07-30 07:18:20.715087
125,9,Mesa,4,104.951380,2025-06-27 07:18:20.715087
126,10,Estante,1,130.792276,2024-11-22 07:18:20.715087
127,10,Estante,1,833.798863,2025-06-01 07:18:20.715087
128,1,Notebook,5,902.082694,2025-05-05 07:18:20.715087
129,7,Impressora,1,824.379031,2024-12-09 07:18:20.715087
130,9,Mesa,4,498.740170,2025-04-15 07:18:20.715087
131,2,Smartphone,3,742.317379,2025-07-19 07:18:20.715087
132,2,Smartphone,3,569.820732,2024-07-31 07:18:20.715087
133,5,Teclado,4,506.486379,2024-08-10 07:18:20.715087
134,5,Teclado,5,268.565326,2025-07-11 07:18:20.715087
135,3,Tablet,2,373.012272,2025-05-29 07:18:20.715087
136,1,Notebook,4,812.322382,2024-08-21 07:18:20.715087
137,10,Estante,5,745.082497,2025-04-08 07:18:20.715087
138,6,Mouse,5,792.519670,2025-05-29 07:18:20.715087
139,7,Impressora,1,126.495075,2025-06-07 07:18:20.715087
140,1,Notebook,4,557.772805,2025-02-24 07:18:20.715087
141,8,Cadeira,4,470.419351,2024-08-19 07:18:20.715087
142,10,Estante,3,246.437956,2025-07-26 07:18:20.715087
143,5,Teclado,4,242.565283,2025-07-21 07:18:20.715087
144,5,Teclado,2,775.462661,2025-05-27 07:18:20.715087
145,5,Teclado,3,361.550839,2025-07-19 07:18:20.715087
146,10,Estante,5,683.712992,2024-12-11 07:18:20.715087
147,1,Notebook,4,498.933113,2025-02-08 07:18:20.715087
148,10,Estante,5,521.434100,2024-11-21 07:18:20.715087
149,7,Impressora,3,916.057144,2025-07-23 07:18:20.715087
150,7,Impressora,1,950.101499,2024-08-14 07:18:20.715087
151,3,Tablet,5,785.962660,2025-01-08 07:18:20.715087
152,9,Mesa,1,874.694285,2024-08-17 07:18:20.715087
153,5,Teclado,4,956.622667,2024-08-25 07:18:20.715087
154,4,Monitor,5,400.236245,2025-07-12 07:18:20.715087
155,6,Mouse,1,822.632609,2025-02-21 07:18:20.715087
156,1,Notebook,5,951.467184,2025-01-13 07:18:20.715087
157,8,Cadeira,4,681.320660,2025-01-25 07:18:20.716089
158,10,Estante,5,477.881123,2025-07-27 07:18:20.716089
159,4,Monitor,4,581.373446,2025-03-01 07:18:20.716089
160,10,Estante,5,352.836613,2025-03-11 07:18:20.716089
161,6,Mouse,1,294.453002,2025-04-04 07:18:20.716089
162,10,Estante,1,462.910696,2025-07-13 07:18:20.716089
163,9,Mesa,1,598.087998,2025-05-12 07:18:20.716089
164,2,Smartphone,4,396.541478,2025-01-16 07:18:20.716089
165,3,Tablet,1,992.674202,2025-07-09 07:18:20.716089
166,6,Mouse,5,482.193210,2025-06-20 07:18:20.716089
167,8,Cadeira,5,715.464900,2025-03-06 07:18:20.716089
168,4,Monitor,4,378.606158,2024-11-04 07:18:20.716089
169,7,Impressora,2,890.027019,2025-07-04 07:18:20.716089
170,2,Smartphone,5,518.380149,2024-10-20 07:18:20.716089
171,4,Monitor,4,864.920972,2025-03-14 07:18:20.716089
172,9,Mesa,3,110.197722,2025-01-14 07:18:20.716089
173,5,Teclado,3,602.956171,2024-10-12 07:18:20.716089
174,3,Tablet,4,727.971537,2024-08-01 07:18:20.716089
175,3,Tablet,3,620.758904,2024-11-11 07:18:20.716089
176,5,Teclado,2,608.751166,2024-09-24 07:18:20.716089
177,2,Smartphone,3,434.152255,2024-10-22 07:18:20.716089
178,8,Cadeira,2,250.352329,2024-10-01 07:18:20.716089
179,2,Smartphone,3,380.667493,2025-01-17 07:18:20.716089
180,5,Teclado,3,858.349062,2025-06-07 07:18:20.716089
181,3,Tablet,4,496.749730,2024-10-06 07:18:20.716089
182,6,Mouse,2,933.343963,2025-06-04 07:18:20.716089
183,6,Mouse,2,577.377954,2025-07-23 07:18:20.716089
184,7,Impressora,4,727.312563,2025-01-17 07:18:20.716089
185,9,Mesa,2,639.330752,2024-09-14 07:18:20.716089
186,3,Tablet,2,883.294433,2025-06-03 07:18:20.716089
187,4,Monitor,3,598.782907,2025-02-23 07:18:20.716089
188,6,Mouse,3,714.692563,2024-12-08 07:18:20.716089
189,9,Mesa,2,476.141421,2025-05-13 07:18:20.716089
190,3,Tablet,5,358.988430,2024-08-21 07:18:20.716089
191,8,Cadeira,2,199.038019,2025-02-28 07:18:20.716089
192,2,Smartphone,3,567.346694,2025-02-15 07:18:20.716089
193,7,Impressora,1,132.715489,2025-07-02 07:18:20.716089
194,5,Teclado,2,353.059774,2025-07-12 07:18:20.716089
195,3,Tablet,4,109.147289,2024-12-20 07:18:20.716089
196,9,Mesa,1,457.066283,2025-06-25 07:18:20.716089
197,2,Smartphone,2,990.133147,2025-06-23 07:18:20.716089
198,8,Cadeira,1,355.319871,2025-01-27 07:18:20.716089
199,4,Monitor,4,376.029254,2024-11-17 07:18:20.716089
200,2,Smartphone,4,242.810689,2024-09-06 07:18:20.716089
201,6,Mouse,2,956.198406,2024-11-22 07:18:20.716089
202,3,Tablet,5,346.964274,2025-01-06 07:18:20.716089
203,9,Mesa,1,264.226287,2024-08-27 07:18:20.716089
204,5,Teclado,2,607.551562,2025-03-03 07:18:20.716089
205,3,Tablet,1,390.457847,2025-05-05 07:18:20.716089
206,2,Smartphone,4,289.930879,2025-02-18 07:18:20.716089
207,5,Teclado,2,212.000380,2024-08-28 07:18:20.716089
208,2,Smartphone,1,486.951257,2024-11-11 07:18:20.716089
209,9,Mesa,2,911.739927,2024-12-29 07:18:20.716089
210,9,Mesa,1,853.506657,2025-01-29 07:18:20.716089
211,9,Mesa,4,953.563528,2024-08-03 07:18:20.716089
212,4,Monitor,2,803.205751,2025-03-25 07:18:20.716089
213,2,Smartphone,3,330.657321,2025-06-07 07:18:20.716089
214,2,Smartphone,3,523.901852,2025-02-03 07:18:20.716089
215,3,Tablet,1,641.689114,2024-08-28 07:18:20.716089
216,6,Mouse,1,532.910830,2025-07-27 07:18:20.716089
217,4,Monitor,1,162.275970,2024-11-13 07:18:20.716089
218,4,Monitor,1,379.180053,2024-10-22 07:18:20.716089
219,2,Smartphone,5,446.312039,2025-02-16 07:18:20.716089
220,4,Monitor,1,421.480584,2025-01-05 07:18:20.716089
221,7,Impressora,2,226.126148,2024-11-16 07:18:20.716089
222,3,Tablet,1,115.167030,2025-01-09 07:18:20.716089
223,2,Smartphone,2,871.008451,2025-01-02 07:18:20.716089
224,4,Monitor,4,426.064268,2025-02-28 07:18:20.716089
225,5,Teclado,1,751.933147,2024-08-14 07:18:20.716089
226,2,Smartphone,5,384.886670,2025-06-25 07:18:20.716089
227,1,Notebook,3,166.685550,2025-01-25 07:18:20.716089
228,1,Notebook,3,926.273857,2024-10-03 07:18:20.716089
229,4,Monitor,4,753.334502,2025-05-14 07:18:20.716089
230,4,Monitor,4,644.566045,2025-05-28 07:18:20.716089
231,3,Tablet,3,186.910064,2024-12-16 07:18:20.716089
232,10,Estante,5,292.571338,2025-02-10 07:18:20.716089
233,4,Monitor,1,337.782952,2025-01-17 07:18:20.716089
234,7,Impressora,3,364.890956,2024-08-28 07:18:20.716089
235,7,Impressora,5,763.998503,2024-12-21 07:18:20.716089
236,10,Estante,4,477.392016,2025-02-03 07:18:20.716089
237,5,Teclado,4,757.379699,2024-07-31 07:18:20.716089
238,5,Teclado,5,467.221454,2024-10-05 07:18:20.716089
239,3,Tablet,2,303.312491,2025-06-12 07:18:20.716089
240,9,Mesa,3,220.117463,2025-04-16 07:18:20.716089
241,9,Mesa,3,543.240124,2024-12-27 07:18:20.716089
242,4,Monitor,4,591.128007,2024-09-19 07:18:20.717086
243,1,Notebook,4,924.491192,2025-05-11 07:18:20.717086
244,4,Monitor,5,250.178775,2024-12-26 07:18:20.717086
245,5,Teclado,3,980.839571,2025-04-05 07:18:20.717086
246,8,Cadeira,1,122.687708,2024-09-07 07:18:20.717086
247,7,Impressora,5,529.855153,2024-12-11 07:18:20.717086
248,3,Tablet,3,961.742259,2024-10-17 07:18:20.717086
249,3,Tablet,4,879.141691,2025-01-06 07:18:20.717086
250,2,Smartphone,3,134.102293,2024-08-13 07:18:20.717086
251,8,Cadeira,5,310.700330,2024-07-31 07:18:20.717086
252,4,Monitor,4,625.948847,2025-03-15 07:18:20.717086
253,8,Cadeira,2,525.460684,2025-01-17 07:18:20.717086
254,9,Mesa,4,452.515967,2025-07-04 07:18:20.717086
255,8,Cadeira,5,358.595437,2025-03-13 07:18:20.717086
256,7,Impressora,4,632.028314,2024-08-27 07:18:20.717086
257,2,Smartphone,3,994.125587,2025-01-16 07:18:20.717086
258,2,Smartphone,3,324.129754,2025-03-20 07:18:20.717086
259,2,Smartphone,4,916.730524,2024-11-03 07:18:20.717086
260,4,Monitor,2,375.331695,2025-03-11 07:18:20.717086
261,5,Teclado,2,315.106056,2024-10-27 07:18:20.717086
262,6,Mouse,4,720.495338,2025-05-10 07:18:20.717086
263,6,Mouse,5,903.211966,2024-11-14 07:18:20.717086
264,7,Impressora,4,318.889528,2025-05-01 07:18:20.717086
265,4,Monitor,1,320.601816,2025-04-21 07:18:20.717086
266,8,Cadeira,1,208.602692,2024-08-30 07:18:20.717086
267,5,Teclado,1,236.544967,2024-08-28 07:18:20.717086
268,1,Notebook,5,491.078930,2025-01-01 07:18:20.717086
269,5,Teclado,1,456.175897,2024-12-09 07:18:20.717086
270,6,Mouse,4,285.156271,2025-01-31 07:18:20.717086
271,6,Mouse,2,611.635821,2025-01-07 07:18:20.717086
272,10,Estante,5,129.441444,2024-08-03 07:18:20.717086
273,1,Notebook,2,407.886943,2025-03-09 07:18:20.717086
274,3,Tablet,4,758.693397,2025-04-17 07:18:20.717086
275,7,Impressora,1,235.353087,2025-04-08 07:18:20.717086
276,5,Teclado,3,805.862198,2025-03-18 07:18:20.717086
277,9,Mesa,3,689.791308,2024-08-16 07:18:20.717086
278,7,Impressora,5,857.121953,2025-02-15 07:18:20.717086
279,6,Mouse,1,653.354600,2024-10-27 07:18:20.717086
280,9,Mesa,3,640.151081,2025-05-09 07:18:20.717086
281,5,Teclado,1,101.125613,2025-07-18 07:18:20.717086
282,9,Mesa,2,338.686886,2024-10-04 07:18:20.717086
283,9,Mesa,3,455.567841,2024-10-09 07:18:20.717086
284,10,Estante,3,127.288695,2025-01-21 07:18:20.717086
285,7,Impressora,1,426.416893,2025-05-24 07:18:20.717086
286,3,Tablet,2,822.534369,2025-06-18 07:18:20.717086
287,9,Mesa,1,367.074569,2024-11-21 07:18:20.717086
288,6,Mouse,4,783.426091,2025-04-08 07:18:20.717086
289,8,Cadeira,1,576.022938,2024-08-25 07:18:20.717086
290,5,Teclado,5,252.245726,2024-11-11 07:18:20.717086
291,6,Mouse,4,147.167756,2024-12-25 07:18:20.717086
292,3,Tablet,5,922.729549,2025-05-14 07:18:20.717086
293,10,Estante,1,303.306779,2024-12-21 07:18:20.717086
294,3,Tablet,3,258.439456,2025-01-23 07:18:20.717086
295,2,Smartphone,4,259.510887,2025-07-20 07:18:20.717086
296,10,Estante,3,613.503229,2025-02-09 07:18:20.717086
297,5,Teclado,2,242.863990,2025-01-15 07:18:20.717086
298,3,Tablet,5,898.520896,2025-04-11 07:18:20.717086
299,6,Mouse,3,299.360167,2024-12-18 07:18:20.717086
300,2,Smartphone,4,641.014887,2024-12-25 07:18:20.717086
301,3,Tablet,4,649.360991,2024-12-11 07:18:20.717086
302,2,Smartphone,3,687.667735,2025-04-20 07:18:20.717086
303,10,Estante,5,626.493464,2024-09-14 07:18:20.717086
304,3,Tablet,3,352.777374,2025-04-06 07:18:20.717086
305,3,Tablet,3,298.628282,2024-08-09 07:18:20.717086
306,2,Smartphone,1,730.451849,2024-07-29 07:18:20.717086
307,1,Notebook,2,282.732745,2025-03-26 07:18:20.717086
308,10,Estante,3,460.940198,2025-04-08 07:18:20.717086
309,7,Impressora,5,641.814052,2025-01-22 07:18:20.718085
310,6,Mouse,1,208.047395,2025-06-23 07:18:20.718085
311,4,Monitor,1,376.963230,2025-02-03 07:18:20.718085
312,10,Estante,1,596.333472,2025-03-08 07:18:20.718085
313,3,Tablet,5,546.242337,2025-05-10 07:18:20.718085
314,6,Mouse,1,420.085078,2024-08-20 07:18:20.718085
315,6,Mouse,3,300.470417,2024-09-24 07:18:20.718085
316,6,Mouse,5,284.483490,2024-12-01 07:18:20.718085
317,6,Mouse,4,172.345632,2024-10-25 07:18:20.718085
318,2,Smartphone,1,381.417506,2025-05-12 07:18:20.718085
319,1,Notebook,5,348.257725,2024-11-22 07:18:20.718085
320,8,Cadeira,5,409.873465,2024-09-11 07:18:20.718085
321,3,Tablet,3,652.761721,2024-09-09 07:18:20.718085
322,10,Estante,5,643.456830,2024-09-21 07:18:20.718085
323,2,Smartphone,1,745.915123,2025-03-07 07:18:20.718085
324,5,Teclado,2,718.944105,2024-12-27 07:18:20.718085
325,6,Mouse,5,294.261658,2024-08-21 07:18:20.718085
326,2,Smartphone,4,512.949514,2025-02-27 07:18:20.718085
327,3,Tablet,4,657.234480,2025-06-07 07:18:20.718085
328,9,Mesa,2,368.612801,2025-02-11 07:18:20.718085
329,5,Teclado,2,222.509728,2025-03-15 07:18:20.718085
330,5,Teclado,1,662.793462,2025-05-10 07:18:20.718085
331,4,Monitor,1,681.378025,2025-01-29 07:18:20.718085
332,10,Estante,4,118.882227,2025-01-01 07:18:20.718085
333,9,Mesa,1,398.765298,2025-02-24 07:18:20.718085
334,1,Notebook,2,531.176281,2025-04-13 07:18:20.718085
335,1,Notebook,3,708.884851,2025-06-26 07:18:20.718085
336,1,Notebook,4,705.459489,2025-07-24 07:18:20.718085
337,3,Tablet,4,367.510563,2025-04-22 07:18:20.718085
338,3,Tablet,1,609.810701,2025-05-03 07:18:20.718085
339,6,Mouse,1,679.455501,2025-04-29 07:18:20.718085
340,2,Smartphone,1,602.117190,2025-01-19 07:18:20.718085
341,4,Monitor,1,746.139813,2025-02-10 07:18:20.718085
342,3,Tablet,5,157.277059,2025-07-10 07:18:20.718085
343,4,Monitor,5,200.575495,2025-05-25 07:18:20.718085
344,8,Cadeira,1,522.265335,2024-08-04 07:18:20.718085
345,2,Smartphone,5,564.758728,2024-09-29 07:18:20.718085
346,4,Monitor,5,970.080823,2025-02-14 07:18:20.718085
347,9,Mesa,5,278.391307,2024-10-10 07:18:20.718085
348,5,Teclado,2,107.296266,2025-01-17 07:18:20.718085
349,1,Notebook,1,313.919725,2025-06-17 07:18:20.718085
350,1,Notebook,5,406.390115,2025-01-07 07:18:20.718085
351,4,Monitor,2,904.964972,2025-06-28 07:18:20.718085
352,9,Mesa,5,907.833694,2025-07-06 07:18:20.718085
353,6,Mouse,5,496.213489,2025-04-09 07:18:20.718085
354,9,Mesa,1,508.235234,2025-04-13 07:18:20.718085
355,7,Impressora,5,692.067388,2024-10-02 07:18:20.718085
356,5,Teclado,5,660.849868,2025-02-16 07:18:20.718085
357,5,Teclado,3,871.440783,2025-03-16 07:18:20.718085
358,7,Impressora,4,937.596291,2025-06-23 07:18:20.718085
359,8,Cadeira,3,794.957495,2024-12-20 07:18:20.718085
360,5,Teclado,3,236.457210,2025-06-06 07:18:20.718085
361,10,Estante,2,940.518495,2025-03-09 07:18:20.718085
362,4,Monitor,5,649.070875,2025-04-27 07:18:20.718085
363,2,Smartphone,2,762.079041,2025-05-20 07:18:20.718085
364,9,Mesa,3,182.917514,2025-01-23 07:18:20.718085
365,7,Impressora,5,291.961206,2025-02-25 07:18:20.718085
366,9,Mesa,1,607.361774,2025-05-28 07:18:20.718085
367,2,Smartphone,2,124.178251,2025-03-14 07:18:20.718085
368,10,Estante,1,816.528544,2024-10-05 07:18:20.718085
369,10,Estante,3,157.011540,2024-11-28 07:18:20.718085
370,2,Smartphone,2,264.762014,2025-02-27 07:18:20.718085
371,3,Tablet,4,993.437931,2025-04-20 07:18:20.718085
372,5,Teclado,2,978.705058,2025-07-14 07:18:20.718085
373,10,Estante,4,345.304107,2024-11-20 07:18:20.718085
374,7,Impressora,4,183.128392,2024-12-08 07:18:20.719084
375,2,Smartphone,2,612.367017,2024-10-05 07:18:20.719084
376,6,Mouse,3,445.902181,2025-03-27 07:18:20.719084
377,7,Impressora,3,886.587680,2025-04-07 07:18:20.719084
378,2,Smartphone,5,376.719306,2025-07-16 07:18:20.719084
379,3,Tablet,5,593.289987,2025-01-23 07:18:20.719084
380,1,Notebook,2,870.161043,2024-12-29 07:18:20.719084
381,9,Mesa,4,588.651541,2024-08-04 07:18:20.719084
382,1,Notebook,1,210.635345,2025-05-16 07:18:20.719084
383,2,Smartphone,1,172.637982,2025-07-05 07:18:20.719084
384,1,Notebook,4,588.027114,2025-05-19 07:18:20.719084
385,2,Smartphone,1,515.667333,2025-07-20 07:18:20.719084
386,6,Mouse,4,582.321722,2024-10-10 07:18:20.719084
387,8,Cadeira,3,429.844222,2025-07-01 07:18:20.719084
388,1,Notebook,4,480.877815,2024-11-21 07:18:20.719084
389,8,Cadeira,1,373.063333,2024-08-30 07:18:20.719084
390,10,Estante,4,540.532248,2025-07-05 07:18:20.719084
391,10,Estante,5,828.744573,2024-07-31 07:18:20.719084
392,9,Mesa,4,797.379465,2024-12-01 07:18:20.719084
393,1,Notebook,4,439.315628,2025-06-24 07:18:20.719084
394,9,Mesa,5,234.657625,2024-08-03 07:18:20.719084
395,7,Impressora,5,842.722857,2025-07-11 07:18:20.719084
396,4,Monitor,1,305.504226,2025-04-11 07:18:20.719084
397,2,Smartphone,1,340.938415,2024-09-16 07:18:20.719084
398,8,Cadeira,3,778.719126,2025-06-10 07:18:20.719084
399,2,Smartphone,1,839.967775,2024-11-13 07:18:20.719084
400,10,Estante,1,748.443981,2024-10-11 07:18:20.719084
401,8,Cadeira,5,854.187667,2025-02-15 07:18:20.719084
402,7,Impressora,4,975.687096,2024-11-11 07:18:20.719084
403,6,Mouse,3,795.105225,2024-10-03 07:18:20.719084
404,1,Notebook,3,546.178302,2024-11-04 07:18:20.719084
405,9,Mesa,1,226.602476,2025-03-29 07:18:20.719084
406,10,Estante,5,110.815000,2025-02-07 07:18:20.719084
407,3,Tablet,3,551.073416,2025-02-14 07:18:20.719084
408,1,Notebook,1,532.022530,2024-09-05 07:18:20.719084
409,2,Smartphone,1,947.524708,2025-04-28 07:18:20.719084
410,6,Mouse,4,811.853973,2025-03-25 07:18:20.719084
411,4,Monitor,2,399.110008,2025-07-14 07:18:20.719084
412,10,Estante,4,122.561053,2024-11-13 07:18:20.719084
413,3,Tablet,2,743.983847,2024-08-29 07:18:20.719084
414,10,Estante,2,586.306489,2024-09-02 07:18:20.719084
415,2,Smartphone,3,999.914338,2024-11-02 07:18:20.719084
416,10,Estante,1,956.492097,2024-12-24 07:18:20.719084
417,9,Mesa,4,272.631607,2025-04-28 07:18:20.719084
418,7,Impressora,4,941.505082,2025-05-22 07:18:20.719084
419,5,Teclado,4,964.705163,2025-02-02 07:18:20.719084
420,10,Estante,5,445.273613,2024-09-18 07:18:20.719084
421,4,Monitor,3,924.909576,2024-10-05 07:18:20.719084
422,2,Smartphone,4,192.632424,2025-02-25 07:18:20.719084
423,10,Estante,2,632.897356,2025-03-23 07:18:20.719084
424,7,Impressora,5,539.366093,2024-10-10 07:18:20.719084
425,4,Monitor,4,707.661035,2025-02-03 07:18:20.719084
426,4,Monitor,3,319.777531,2025-02-01 07:18:20.719084
427,4,Monitor,2,318.753690,2024-11-18 07:18:20.719084
428,7,Impressora,1,483.587072,2025-05-09 07:18:20.719084
429,8,Cadeira,5,147.321443,2025-05-18 07:18:20.719084
430,9,Mesa,3,998.722488,2025-05-21 07:18:20.719084
431,10,Estante,1,725.039922,2025-03-31 07:18:20.719084
432,6,Mouse,1,903.790940,2024-11-16 07:18:20.719084
433,6,Mouse,2,196.683320,2024-12-18 07:18:20.719084
434,3,Tablet,2,707.900818,2025-06-06 07:18:20.719084
435,7,Impressora,5,516.254904,2025-02-20 07:18:20.719084
436,2,Smartphone,2,185.268139,2025-05-21 07:18:20.719084
437,7,Impressora,4,922.212220,2024-11-25 07:18:20.719084
438,10,Estante,2,221.447436,2025-03-26 07:18:20.719084
439,9,Mesa,2,187.197072,2024-11-21 07:18:20.719084
440,6,Mouse,4,772.596682,2025-05-15 07:18:20.720086
441,3,Tablet,1,627.912140,2024-08-12 07:18:20.720086
442,7,Impressora,4,463.621129,2024-10-20 07:18:20.720086
443,4,Monitor,4,437.598272,2025-02-02 07:18:20.720086
444,10,Estante,1,282.445359,2024-12-19 07:18:20.720086
445,10,Estante,2,557.198293,2024-10-31 07:18:20.720086
446,5,Teclado,1,988.204529,2025-04-20 07:18:20.720086
447,2,Smartphone,1,258.886725,2024-11-17 07:18:20.720086
448,6,Mouse,4,147.109997,2024-09-17 07:18:20.720086
449,9,Mesa,1,693.616026,2025-05-16 07:18:20.720086
450,10,Estante,1,253.667809,2025-01-25 07:18:20.720086
451,3,Tablet,4,342.114004,2025-03-22 07:18:20.720086
452,4,Monitor,3,582.842278,2024-08-23 07:18:20.720086
453,1,Notebook,2,344.700868,2025-07-10 07:18:20.720086
454,10,Estante,3,113.300247,2025-07-16 07:18:20.720086
455,9,Mesa,1,875.014098,2024-07-28 07:18:20.720086
456,4,Monitor,4,295.457839,2025-04-29 07:18:20.720086
457,4,Monitor,5,237.627228,2025-04-07 07:18:20.720086
458,9,Mesa,1,679.864714,2025-03-16 07:18:20.720086
459,1,Notebook,3,922.250692,2025-05-09 07:18:20.720086
460,9,Mesa,2,383.161713,2024-10-06 07:18:20.720086
461,6,Mouse,5,647.212729,2025-03-04 07:18:20.720086
462,1,Notebook,4,284.227179,2024-12-29 07:18:20.720086
463,4,Monitor,5,861.486837,2024-11-09 07:18:20.720086
464,9,Mesa,4,910.474787,2024-08-23 07:18:20.720086
465,10,Estante,3,721.321652,2024-10-06 07:18:20.720086
466,5,Teclado,2,198.570478,2025-03-14 07:18:20.720086
467,6,Mouse,3,942.633843,2025-06-16 07:18:20.720086
468,10,Estante,5,763.449245,2025-06-11 07:18:20.720086
469,4,Monitor,4,241.007529,2024-11-24 07:18:20.720086
470,8,Cadeira,1,296.093595,2024-08-01 07:18:20.720086
471,9,Mesa,4,288.970581,2024-11-12 07:18:20.720086
472,1,Notebook,4,848.135420,2024-11-15 07:18:20.720086
473,10,Estante,3,379.166812,2025-06-06 07:18:20.720086
474,8,Cadeira,3,404.582201,2024-10-19 07:18:20.720086
475,5,Teclado,5,577.771890,2025-06-18 07:18:20.720086
476,9,Mesa,4,267.360417,2024-11-11 07:18:20.720086
477,9,Mesa,1,574.620402,2025-03-04 07:18:20.720086
478,4,Monitor,5,718.735452,2024-08-04 07:18:20.720086
479,3,Tablet,2,844.692355,2025-03-29 07:18:20.720086
480,4,Monitor,3,512.248261,2025-07-06 07:18:20.720086
481,2,Smartphone,3,286.200122,2024-10-21 07:18:20.720086
482,1,Notebook,2,329.074210,2025-05-28 07:18:20.720086
483,1,Notebook,5,461.762107,2024-08-13 07:18:20.720086
484,8,Cadeira,2,923.474199,2024-08-25 07:18:20.720086
485,7,Impressora,1,295.575208,2025-03-18 07:18:20.720086
486,7,Impressora,2,240.185200,2024-12-03 07:18:20.720086
487,9,Mesa,4,464.295036,2025-07-06 07:18:20.720086
488,2,Smartphone,2,399.635056,2025-07-05 07:18:20.720086
489,10,Estante,1,436.125407,2024-11-01 07:18:20.720086
490,5,Teclado,4,210.700939,2025-02-02 07:18:20.720086
491,9,Mesa,1,118.192081,2025-06-24 07:18:20.720086
492,6,Mouse,4,141.896984,2024-12-29 07:18:20.720086
493,6,Mouse,4,138.240374,2025-01-03 07:18:20.720086
494,3,Tablet,4,991.392168,2024-08-09 07:18:20.720086
495,7,Impressora,5,864.567012,2025-03-20 07:18:20.720086
496,6,Mouse,2,836.748030,2024-09-02 07:18:20.720086
497,8,Cadeira,3,426.511521,2025-05-17 07:18:20.720086
498,9,Mesa,4,635.842375,2024-08-12 07:18:20.720086
499,6,Mouse,4,954.477362,2025-07-24 07:18:20.720086
500,2,Smartphone,1,346.979383,2024-11-22 07:18:20.721084
501,10,Estante,2,660.571842,2024-10-10 07:18:20.721084
502,1,Notebook,3,779.969497,2025-07-05 07:18:20.721084
503,9,Mesa,1,224.653060,2024-10-31 07:18:20.721084
504,2,Smartphone,2,169.933795,2024-10-25 07:18:20.721084
505,3,Tablet,3,192.850906,2025-01-22 07:18:20.721084
506,5,Teclado,3,817.145435,2024-08-28 07:18:20.721084
507,6,Mouse,1,869.508209,2024-09-13 07:18:20.721084
508,1,Notebook,3,464.879205,2024-10-06 07:18:20.721084
509,10,Estante,3,701.442420,2025-02-04 07:18:20.721084
510,4,Monitor,3,973.357016,2024-12-26 07:18:20.721084
511,5,Teclado,4,965.888892,2025-03-17 07:18:20.721084
512,2,Smartphone,3,474.997101,2024-11-03 07:18:20.721084
513,8,Cadeira,4,173.290213,2024-08-16 07:18:20.721084
514,5,Teclado,1,244.541283,2025-05-07 07:18:20.721084
515,10,Estante,2,193.201323,2025-03-14 07:18:20.721084
516,7,Impressora,4,423.390991,2024-10-11 07:18:20.721084
517,8,Cadeira,2,223.309916,2025-02-01 07:18:20.721084
518,1,Notebook,2,344.115940,2025-01-09 07:18:20.721084
519,9,Mesa,5,661.358824,2025-07-18 07:18:20.721084
520,2,Smartphone,1,888.612618,2024-11-06 07:18:20.721084
521,7,Impressora,1,199.616097,2025-01-14 07:18:20.721084
522,7,Impressora,5,938.688946,2025-07-08 07:18:20.721084
523,2,Smartphone,5,506.127753,2025-05-31 07:18:20.721084
524,7,Impressora,2,348.963062,2025-02-26 07:18:20.721084
525,7,Impressora,4,936.540797,2024-12-17 07:18:20.721084
526,3,Tablet,4,526.455677,2024-10-04 07:18:20.721084
527,7,Impressora,2,401.264358,2025-04-06 07:18:20.721084
528,6,Mouse,3,257.354291,2025-01-09 07:18:20.721084
529,6,Mouse,1,105.694504,2024-11-21 07:18:20.721084
530,7,Impressora,3,460.012760,2024-11-04 07:18:20.721084
531,2,Smartphone,3,394.619901,2025-03-28 07:18:20.721084
532,7,Impressora,2,312.893889,2025-07-27 07:18:20.721084
533,1,Notebook,4,723.554281,2025-01-27 07:18:20.721084
534,4,Monitor,1,704.335671,2024-11-27 07:18:20.721084
535,5,Teclado,3,498.311778,2025-03-20 07:18:20.721084
536,6,Mouse,4,133.368581,2024-09-11 07:18:20.721084
537,1,Notebook,5,399.198047,2025-06-11 07:18:20.721084
538,5,Teclado,2,965.184144,2025-03-15 07:18:20.721084
539,4,Monitor,3,238.993707,2024-11-04 07:18:20.721084
540,1,Notebook,2,923.758393,2025-02-15 07:18:20.721084
541,4,Monitor,4,236.868385,2024-12-31 07:18:20.721084
542,5,Teclado,4,604.296229,2025-05-22 07:18:20.721084
543,9,Mesa,2,979.282739,2024-12-10 07:18:20.721084
544,9,Mesa,2,220.236861,2024-12-05 07:18:20.721084
545,1,Notebook,3,798.969145,2025-02-07 07:18:20.721084
546,5,Teclado,1,532.093853,2025-07-24 07:18:20.721084
547,7,Impressora,3,245.060088,2025-05-04 07:18:20.721084
548,2,Smartphone,2,399.647327,2025-06-17 07:18:20.721084
549,3,Tablet,1,752.479154,2025-04-17 07:18:20.721084
550,4,Monitor,1,720.872301,2024-12-31 07:18:20.721084
551,9,Mesa,4,439.600979,2025-05-20 07:18:20.721084
552,9,Mesa,5,592.228276,2025-03-18 07:18:20.721084
553,6,Mouse,2,984.704602,2025-01-12 07:18:20.721084
554,10,Estante,2,671.291304,2024-11-20 07:18:20.721084
555,4,Monitor,5,461.047720,2025-03-03 07:18:20.721084
556,3,Tablet,4,678.437872,2024-10-30 07:18:20.721084
557,2,Smartphone,2,725.552077,2024-08-17 07:18:20.721084
558,5,Teclado,2,493.389771,2024-11-08 07:18:20.721084
559,5,Teclado,4,197.425332,2024-10-12 07:18:20.721084
560,8,Cadeira,5,799.089157,2024-08-18 07:18:20.721084
561,9,Mesa,5,189.302247,2025-06-02 07:18:20.721084
562,10,Estante,1,560.195007,2024-10-15 07:18:20.721084
563,2,Smartphone,4,455.407095,2025-04-11 07:18:20.721084
564,9,Mesa,5,852.378464,2025-03-26 07:18:20.721084
565,6,Mouse,5,736.953724,2025-06-04 07:18:20.721084
566,10,Estante,3,974.959007,2024-12-10 07:18:20.722084
567,3,Tablet,1,166.976855,2025-06-03 07:18:20.722084
568,7,Impressora,4,353.670773,2024-11-19 07:18:20.722084
569,8,Cadeira,1,469.348929,2025-07-22 07:18:20.722084
570,3,Tablet,2,535.356820,2025-06-27 07:18:20.722084
571,9,Mesa,5,253.061393,2025-01-24 07:18:20.722084
572,7,Impressora,2,536.978541,2024-11-17 07:18:20.722084
573,1,Notebook,1,175.831646,2024-09-04 07:18:20.722084
574,9,Mesa,4,712.852204,2025-04-16 07:18:20.722084
575,8,Cadeira,3,488.170395,2024-09-07 07:18:20.722084
576,4,Monitor,4,612.587204,2024-12-07 07:18:20.722084
577,7,Impressora,3,609.300588,2025-07-07 07:18:20.722084
578,8,Cadeira,3,412.602201,2025-04-10 07:18:20.722084
579,5,Teclado,1,396.889780,2025-03-30 07:18:20.722084
580,4,Monitor,3,125.268171,2025-01-16 07:18:20.722084
581,2,Smartphone,3,942.349371,2024-12-02 07:18:20.722084
582,4,Monitor,4,918.532186,2025-05-30 07:18:20.722084
583,9,Mesa,5,526.672096,2024-11-29 07:18:20.722084
584,7,Impressora,3,163.872274,2024-10-05 07:18:20.722084
585,9,Mesa,4,115.257360,2025-01-21 07:18:20.722084
586,10,Estante,3,222.844672,2025-05-07 07:18:20.722084
587,4,Monitor,4,634.789814,2025-01-26 07:18:20.722084
588,10,Estante,1,867.059644,2025-02-09 07:18:20.722084
589,5,Teclado,3,569.698791,2024-12-02 07:18:20.722084
590,7,Impressora,4,117.948964,2025-06-21 07:18:20.722084
591,6,Mouse,4,805.912282,2024-09-09 07:18:20.722084
592,1,Notebook,5,953.629391,2024-09-14 07:18:20.722084
593,9,Mesa,3,212.118027,2024-12-29 07:18:20.722084
594,6,Mouse,3,437.627069,2025-02-24 07:18:20.722084
595,5,Teclado,1,102.402534,2025-04-01 07:18:20.722084
596,10,Estante,2,390.891934,2025-07-11 07:18:20.722084
597,4,Monitor,2,844.525857,2025-02-02 07:18:20.722084
598,8,Cadeira,4,359.802666,2024-12-25 07:18:20.722084
599,2,Smartphone,4,908.010013,2024-11-18 07:18:20.722084
600,2,Smartphone,4,100.188747,2025-01-14 07:18:20.722084
601,4,Monitor,3,249.394631,2024-08-10 07:18:20.722084
602,8,Cadeira,1,141.405099,2024-09-06 07:18:20.722084
603,7,Impressora,2,778.891193,2024-12-27 07:18:20.722084
604,6,Mouse,5,655.828484,2024-11-02 07:18:20.722084
605,4,Monitor,5,236.222671,2025-07-26 07:18:20.722084
606,8,Cadeira,5,963.819741,2024-12-13 07:18:20.722084
607,3,Tablet,5,473.720055,2024-09-10 07:18:20.722084
608,9,Mesa,3,976.667074,2025-04-21 07:18:20.722084
609,2,Smartphone,1,435.271368,2024-08-28 07:18:20.722084
610,9,Mesa,3,890.620459,2024-10-16 07:18:20.722084
611,2,Smartphone,2,678.972854,2024-12-25 07:18:20.722084
612,6,Mouse,3,812.312167,2024-12-06 07:18:20.722084
613,6,Mouse,3,900.159747,2025-03-23 07:18:20.722084
614,1,Notebook,1,180.357462,2025-07-20 07:18:20.722084
615,4,Monitor,5,762.308358,2024-11-01 07:18:20.722084
616,5,Teclado,2,924.642044,2024-12-30 07:18:20.722084
617,5,Teclado,5,473.150578,2025-04-11 07:18:20.722084
618,10,Estante,5,874.831663,2025-07-21 07:18:20.722084
619,3,Tablet,1,928.431714,2024-10-08 07:18:20.722084
620,2,Smartphone,5,344.761500,2025-03-30 07:18:20.722084
621,6,Mouse,4,299.076170,2025-02-13 07:18:20.722084
622,2,Smartphone,2,459.536468,2024-12-27 07:18:20.722084
623,1,Notebook,3,343.832164,2024-12-26 07:18:20.722084
624,4,Monitor,1,118.702716,2025-06-16 07:18:20.722084
625,5,Teclado,1,507.628352,2025-07-03 07:18:20.722084
626,6,Mouse,1,756.148595,2025-02-18 07:18:20.722084
627,3,Tablet,1,117.195054,2024-11-16 07:18:20.722084
628,10,Estante,1,475.351530,2024-11-02 07:18:20.723084
629,4,Monitor,5,898.496198,2024-12-17 07:18:20.723084
630,6,Mouse,2,282.619372,2025-04-05 07:18:20.723084
631,3,Tablet,5,578.753161,2025-07-11 07:18:20.723084
632,3,Tablet,1,783.088990,2024-09-19 07:18:20.723084
633,1,Notebook,4,940.581571,2025-05-20 07:18:20.723084
634,1,Notebook,1,572.421719,2025-06-21 07:18:20.723084
635,10,Estante,3,686.258697,2024-08-31 07:18:20.723084
636,4,Monitor,1,423.581260,2024-12-23 07:18:20.723084
637,4,Monitor,5,381.008901,2025-03-15 07:18:20.723084
638,3,Tablet,3,682.866487,2025-04-06 07:18:20.723084
639,2,Smartphone,5,743.715497,2024-11-18 07:18:20.723084
640,4,Monitor,1,394.969681,2024-11-10 07:18:20.723084
641,1,Notebook,5,822.777199,2024-09-20 07:18:20.723084
642,6,Mouse,3,473.338057,2024-09-10 07:18:20.723084
643,5,Teclado,1,458.826985,2024-11-02 07:18:20.723084
644,6,Mouse,2,281.719742,2024-12-02 07:18:20.723084
645,2,Smartphone,1,671.865964,2025-03-04 07:18:20.723084
646,10,Estante,5,912.453240,2025-05-26 07:18:20.723084
647,1,Notebook,4,116.126676,2025-02-09 07:18:20.723084
648,7,Impressora,1,167.535284,2024-08-31 07:18:20.723084
649,4,Monitor,1,365.854835,2025-07-16 07:18:20.723084
650,6,Mouse,3,751.282421,2024-12-03 07:18:20.723084
651,1,Notebook,2,850.021508,2024-12-26 07:18:20.723084
652,4,Monitor,3,250.366144,2025-01-26 07:18:20.723084
653,1,Notebook,1,829.678598,2025-01-02 07:18:20.723084
654,9,Mesa,1,120.662342,2025-02-14 07:18:20.723084
655,7,Impressora,2,186.927530,2025-04-15 07:18:20.723084
656,8,Cadeira,3,782.984088,2024-10-29 07:18:20.723084
657,2,Smartphone,5,236.291262,2025-04-19 07:18:20.723084
658,8,Cadeira,3,562.474836,2025-02-02 07:18:20.723084
659,6,Mouse,1,573.231182,2024-07-28 07:18:20.723084
660,4,Monitor,3,686.140922,2025-05-07 07:18:20.723084
661,7,Impressora,5,639.574932,2024-11-12 07:18:20.723084
662,2,Smartphone,3,854.856439,2024-09-02 07:18:20.723084
663,3,Tablet,4,888.917566,2024-08-09 07:18:20.723084
664,10,Estante,4,379.373070,2025-03-22 07:18:20.723084
665,4,Monitor,4,729.560905,2025-03-17 07:18:20.723084
666,5,Teclado,4,841.164543,2025-02-07 07:18:20.724081
667,3,Tablet,4,302.939458,2025-03-06 07:18:20.724081
668,5,Teclado,4,310.061472,2025-06-21 07:18:20.724081
669,4,Monitor,5,654.124297,2024-12-08 07:18:20.724081
670,2,Smartphone,5,103.558155,2024-11-15 07:18:20.724081
671,1,Notebook,3,402.706559,2024-08-20 07:18:20.724081
672,7,Impressora,3,273.233023,2024-11-23 07:18:20.724081
673,1,Notebook,2,399.990873,2025-06-22 07:18:20.724081
674,7,Impressora,4,916.632833,2025-03-22 07:18:20.724081
675,10,Estante,2,337.308094,2024-10-20 07:18:20.724081
676,2,Smartphone,1,383.338343,2024-12-25 07:18:20.724081
677,10,Estante,5,699.787097,2024-10-26 07:18:20.724081
678,6,Mouse,1,839.953764,2025-04-06 07:18:20.724081
679,3,Tablet,5,480.958413,2024-09-04 07:18:20.724081
680,3,Tablet,3,151.823220,2025-01-07 07:18:20.724081
681,9,Mesa,2,619.810056,2024-09-11 07:18:20.724081
682,5,Teclado,5,141.684696,2025-02-23 07:18:20.724081
683,2,Smartphone,1,473.585416,2024-10-08 07:18:20.724081
684,6,Mouse,3,419.606105,2024-10-04 07:18:20.724081
685,9,Mesa,4,425.651480,2024-10-18 07:18:20.724081
686,7,Impressora,1,291.820848,2024-08-03 07:18:20.724081
687,9,Mesa,5,146.800010,2025-02-28 07:18:20.724081
688,7,Impressora,3,636.258091,2025-05-08 07:18:20.724081
689,6,Mouse,3,311.510316,2025-02-25 07:18:20.724081
690,3,Tablet,2,317.718472,2025-07-03 07:18:20.724081
691,7,Impressora,2,821.537796,2024-08-16 07:18:20.724081
692,3,Tablet,5,425.925878,2024-09-19 07:18:20.724081
693,2,Smartphone,3,429.178528,2025-07-22 07:18:20.724081
694,10,Estante,4,394.821082,2025-05-20 07:18:20.724081
695,1,Notebook,5,648.900588,2024-12-25 07:18:20.724081
696,8,Cadeira,2,183.096075,2024-09-29 07:18:20.724081
697,4,Monitor,3,583.922235,2025-06-12 07:18:20.724081
698,1,Notebook,4,881.465598,2025-06-10 07:18:20.724081
699,5,Teclado,1,588.167994,2024-11-10 07:18:20.724081
700,5,Teclado,1,730.561825,2025-02-06 07:18:20.724081
701,8,Cadeira,2,945.241834,2025-05-16 07:18:20.724081
702,5,Teclado,5,789.645704,2024-12-06 07:18:20.724081
703,8,Cadeira,1,430.585115,2024-11-03 07:18:20.724081
704,2,Smartphone,4,411.278095,2025-06-06 07:18:20.725081
705,3,Tablet,1,564.975944,2024-08-29 07:18:20.725081
706,9,Mesa,1,260.796990,2024-11-01 07:18:20.725081
707,1,Notebook,1,367.618747,2024-10-02 07:18:20.725081
708,3,Tablet,1,623.836967,2025-04-23 07:18:20.725081
709,3,Tablet,2,868.736740,2025-03-24 07:18:20.725081
710,2,Smartphone,3,233.780698,2024-09-01 07:18:20.725081
711,1,Notebook,5,749.631812,2024-10-27 07:18:20.725081
712,10,Estante,5,905.571697,2024-08-02 07:18:20.725081
713,6,Mouse,3,526.535312,2025-06-07 07:18:20.725081
714,6,Mouse,2,477.042269,2024-10-28 07:18:20.725081
715,6,Mouse,2,936.054818,2024-10-13 07:18:20.725081
716,2,Smartphone,2,893.446360,2024-11-05 07:18:20.725081
717,6,Mouse,2,881.701598,2024-12-23 07:18:20.725081
718,10,Estante,4,837.894696,2025-04-28 07:18:20.725081
719,10,Estante,2,158.831226,2025-01-11 07:18:20.725081
720,7,Impressora,5,661.482850,2024-08-03 07:18:20.725081
721,1,Notebook,2,790.100314,2024-11-01 07:18:20.726080
722,3,Tablet,5,711.742386,2025-02-05 07:18:20.726080
723,7,Impressora,4,141.290358,2024-08-23 07:18:20.726080
724,8,Cadeira,2,532.864034,2025-01-24 07:18:20.726080
725,5,Teclado,1,474.685039,2024-11-05 07:18:20.726080
726,5,Teclado,1,305.061457,2025-02-07 07:18:20.726080
727,10,Estante,2,410.707064,2025-03-02 07:18:20.726080
728,1,Notebook,5,646.077995,2024-10-12 07:18:20.726080
729,4,Monitor,1,697.765103,2024-08-20 07:18:20.726080
730,2,Smartphone,4,696.960451,2024-10-22 07:18:20.726080
731,9,Mesa,2,121.175027,2024-11-15 07:18:20.726080
732,2,Smartphone,5,518.764010,2025-05-11 07:18:20.726080
733,8,Cadeira,5,342.609803,2024-08-22 07:18:20.726080
734,9,Mesa,1,155.089182,2025-04-15 07:18:20.726080
735,8,Cadeira,5,795.864247,2025-02-03 07:18:20.726080
736,5,Teclado,4,717.230486,2025-01-09 07:18:20.726080
737,9,Mesa,5,431.094806,2024-08-15 07:18:20.726080
738,2,Smartphone,1,239.532383,2025-05-22 07:18:20.726080
739,8,Cadeira,3,795.966005,2024-12-11 07:18:20.726080
740,2,Smartphone,2,208.934355,2024-11-22 07:18:20.726080
741,4,Monitor,3,272.455036,2024-08-13 07:18:20.726080
742,1,Notebook,3,771.723738,2024-10-04 07:18:20.727080
743,2,Smartphone,1,378.441774,2024-07-28 07:18:20.727080
744,4,Monitor,4,541.431729,2024-07-28 07:18:20.727080
745,5,Teclado,1,793.765453,2025-02-23 07:18:20.727080
746,2,Smartphone,3,936.201855,2025-05-20 07:18:20.727080
747,10,Estante,2,627.548573,2025-01-26 07:18:20.727080
748,6,Mouse,1,251.032076,2024-11-18 07:18:20.727080
749,3,Tablet,4,590.190910,2024-08-15 07:18:20.727080
750,4,Monitor,4,405.976760,2025-06-25 07:18:20.727080
751,6,Mouse,4,973.179247,2025-07-22 07:18:20.727080
752,10,Estante,1,319.910583,2025-01-26 07:18:20.727080
753,6,Mouse,1,281.166980,2024-08-11 07:18:20.728079
754,6,Mouse,1,987.710484,2025-02-11 07:18:20.728079
755,9,Mesa,3,204.461169,2025-04-30 07:18:20.728079
756,6,Mouse,4,670.361474,2024-08-17 07:18:20.728079
757,6,Mouse,5,649.651981,2024-12-25 07:18:20.728079
758,7,Impressora,2,145.287030,2024-10-24 07:18:20.728079
759,10,Estante,5,474.421478,2025-05-22 07:18:20.728079
760,4,Monitor,5,132.825222,2025-02-02 07:18:20.728079
761,5,Teclado,2,750.798298,2024-08-01 07:18:20.728079
762,5,Teclado,1,885.421936,2025-05-08 07:18:20.728079
763,6,Mouse,2,158.062220,2025-06-15 07:18:20.728079
764,6,Mouse,2,280.110926,2025-03-24 07:18:20.728079
765,10,Estante,2,719.627272,2025-01-14 07:18:20.728079
766,1,Notebook,5,150.517774,2025-06-21 07:18:20.728079
767,3,Tablet,3,382.388088,2024-10-02 07:18:20.728079
768,6,Mouse,1,248.895437,2025-01-12 07:18:20.728079
769,8,Cadeira,5,939.490686,2024-07-29 07:18:20.728079
770,10,Estante,4,835.852997,2024-12-28 07:18:20.728079
771,2,Smartphone,2,445.446524,2025-06-26 07:18:20.728079
772,7,Impressora,2,102.337891,2024-12-01 07:18:20.728079
773,6,Mouse,1,419.410941,2025-02-24 07:18:20.728079
774,10,Estante,2,349.014589,2025-04-03 07:18:20.728079
775,2,Smartphone,2,930.002540,2025-05-03 07:18:20.728079
776,2,Smartphone,5,969.424900,2025-01-26 07:18:20.728079
777,3,Tablet,2,621.139380,2025-01-01 07:18:20.728079
778,6,Mouse,5,807.592745,2024-11-29 07:18:20.728079
779,3,Tablet,1,508.879842,2025-04-04 07:18:20.728079
780,5,Teclado,1,506.107578,2025-07-25 07:18:20.728079
781,4,Monitor,2,280.137884,2025-06-05 07:18:20.728079
782,6,Mouse,5,194.462951,2024-09-22 07:18:20.728079
783,1,Notebook,3,762.952295,2024-12-07 07:18:20.728079
784,7,Impressora,2,997.195493,2024-10-23 07:18:20.728079
785,4,Monitor,1,637.230241,2025-01-19 07:18:20.728079
786,5,Teclado,5,935.225154,2024-12-28 07:18:20.728079
787,5,Teclado,5,356.066284,2025-06-16 07:18:20.728079
788,10,Estante,3,365.201635,2025-02-28 07:18:20.728079
789,2,Smartphone,5,173.402262,2024-12-10 07:18:20.728079
790,7,Impressora,2,941.408118,2024-08-31 07:18:20.728079
791,3,Tablet,4,133.147663,2024-07-27 07:18:20.728079
792,1,Notebook,3,538.859682,2024-08-23 07:18:20.728079
793,9,Mesa,2,807.786954,2024-11-29 07:18:20.728079
794,6,Mouse,4,404.110383,2024-08-17 07:18:20.728079
795,8,Cadeira,1,683.325792,2024-09-11 07:18:20.729079
796,6,Mouse,5,318.732180,2024-10-03 07:18:20.729079
797,10,Estante,1,511.925478,2025-02-15 07:18:20.729079
798,4,Monitor,3,360.918597,2024-12-09 07:18:20.729079
799,2,Smartphone,4,995.536479,2025-06-06 07:18:20.729079
800,9,Mesa,3,927.546605,2025-03-08 07:18:20.729079
801,7,Impressora,3,874.673504,2025-01-28 07:18:20.729079
802,6,Mouse,5,133.925540,2024-09-20 07:18:20.729079
803,6,Mouse,3,997.338702,2025-06-18 07:18:20.729079
804,7,Impressora,2,171.892284,2025-07-06 07:18:20.729079
805,10,Estante,4,789.470774,2024-09-04 07:18:20.729079
806,5,Teclado,2,336.744131,2025-01-16 07:18:20.729079
807,4,Monitor,4,394.207560,2024-12-07 07:18:20.729079
808,7,Impressora,2,660.950872,2024-11-08 07:18:20.729079
809,3,Tablet,2,536.531250,2024-12-03 07:18:20.729079
810,6,Mouse,4,147.306574,2025-05-13 07:18:20.729079
811,1,Notebook,3,668.390521,2024-12-20 07:18:20.729079
812,4,Monitor,5,459.505983,2024-10-01 07:18:20.729079
813,5,Teclado,1,531.373608,2024-11-17 07:18:20.729079
814,9,Mesa,1,572.426359,2025-02-15 07:18:20.729079
815,4,Monitor,3,125.601181,2024-08-08 07:18:20.729079
816,5,Teclado,1,739.685075,2025-01-31 07:18:20.729079
817,10,Estante,1,373.020622,2024-11-03 07:18:20.729079
818,1,Notebook,4,814.649327,2024-08-08 07:18:20.729079
819,2,Smartphone,3,650.859569,2025-01-06 07:18:20.729079
820,9,Mesa,4,991.762481,2025-02-07 07:18:20.729079
821,6,Mouse,3,435.677695,2025-02-26 07:18:20.729079
822,4,Monitor,2,875.715158,2024-07-30 07:18:20.729079
823,8,Cadeira,2,470.819729,2024-09-08 07:18:20.729079
824,8,Cadeira,2,823.645492,2025-01-27 07:18:20.729079
825,8,Cadeira,2,124.031769,2025-05-15 07:18:20.730079
826,9,Mesa,1,191.777456,2024-10-18 07:18:20.730079
827,10,Estante,4,233.413014,2025-02-21 07:18:20.730079
828,4,Monitor,5,680.924713,2025-04-27 07:18:20.730079
829,4,Monitor,1,110.374578,2025-07-02 07:18:20.730079
830,4,Monitor,5,792.259831,2025-06-04 07:18:20.730079
831,7,Impressora,4,257.622202,2024-11-03 07:18:20.730079
832,9,Mesa,5,558.746889,2025-01-29 07:18:20.730079
833,2,Smartphone,3,590.057155,2025-03-01 07:18:20.730079
834,3,Tablet,4,448.096383,2025-03-14 07:18:20.730079
835,6,Mouse,3,252.370440,2024-11-14 07:18:20.730079
836,2,Smartphone,5,314.482992,2024-12-31 07:18:20.730079
837,5,Teclado,1,162.928906,2024-08-11 07:18:20.730079
838,4,Monitor,1,297.282750,2025-02-27 07:18:20.730079
839,7,Impressora,1,613.916085,2024-11-20 07:18:20.730079
840,6,Mouse,2,179.512035,2025-06-24 07:18:20.730079
841,3,Tablet,1,106.865318,2025-02-22 07:18:20.730079
842,2,Smartphone,5,676.861241,2024-09-17 07:18:20.730079
843,7,Impressora,1,262.030237,2024-11-30 07:18:20.730079
844,9,Mesa,3,587.465818,2024-09-21 07:18:20.730079
845,10,Estante,2,266.347061,2025-02-08 07:18:20.730079
846,5,Teclado,2,231.116694,2025-02-04 07:18:20.730079
847,5,Teclado,2,926.787384,2025-01-03 07:18:20.730079
848,8,Cadeira,1,265.942361,2025-05-28 07:18:20.730079
849,4,Monitor,1,166.524523,2025-04-23 07:18:20.730079
850,1,Notebook,3,360.687425,2024-11-09 07:18:20.730079
851,8,Cadeira,1,288.906645,2025-04-20 07:18:20.730079
852,7,Impressora,4,973.685309,2025-07-08 07:18:20.730079
853,6,Mouse,3,391.327554,2024-07-29 07:18:20.730079
854,2,Smartphone,4,783.041951,2024-12-12 07:18:20.730079
855,5,Teclado,1,918.480007,2025-03-25 07:18:20.730079
856,6,Mouse,5,964.658771,2025-04-28 07:18:20.730079
857,7,Impressora,5,506.488994,2024-09-01 07:18:20.730079
858,10,Estante,1,765.856778,2025-04-29 07:18:20.730079
859,8,Cadeira,5,642.581437,2024-11-18 07:18:20.730079
860,7,Impressora,5,872.394660,2024-08-25 07:18:20.731077
861,3,Tablet,3,150.361846,2025-03-30 07:18:20.731077
862,5,Teclado,5,465.263685,2025-05-27 07:18:20.731077
863,3,Tablet,1,859.709335,2025-03-31 07:18:20.731077
864,1,Notebook,4,942.508197,2025-07-01 07:18:20.731077
865,3,Tablet,2,388.643028,2024-10-28 07:18:20.731077
866,7,Impressora,3,865.780406,2024-10-31 07:18:20.731077
867,2,Smartphone,5,810.435188,2025-03-07 07:18:20.731077
868,6,Mouse,2,657.242425,2024-12-09 07:18:20.731077
869,9,Mesa,2,704.613201,2025-02-18 07:18:20.731077
870,7,Impressora,4,924.915020,2024-09-03 07:18:20.731077
871,1,Notebook,2,300.205012,2025-05-04 07:18:20.731077
872,5,Teclado,4,753.526467,2025-03-13 07:18:20.731077
873,2,Smartphone,1,228.729774,2024-11-03 07:18:20.731077
874,3,Tablet,5,245.648688,2024-10-14 07:18:20.731077
875,7,Impressora,3,197.563222,2025-01-31 07:18:20.731077
876,3,Tablet,3,889.430629,2025-05-04 07:18:20.731077
877,6,Mouse,5,299.082456,2025-05-25 07:18:20.731077
878,4,Monitor,4,822.803324,2024-11-02 07:18:20.731077
879,4,Monitor,5,804.786474,2025-01-13 07:18:20.731077
880,3,Tablet,3,814.639416,2024-09-14 07:18:20.731077
881,6,Mouse,1,955.072109,2024-11-14 07:18:20.731077
882,4,Monitor,4,743.256733,2025-01-02 07:18:20.731077
883,6,Mouse,3,356.254492,2025-06-21 07:18:20.731077
884,2,Smartphone,1,883.790514,2025-03-18 07:18:20.731077
885,5,Teclado,2,764.405082,2024-12-14 07:18:20.731077
886,9,Mesa,3,625.060695,2024-08-30 07:18:20.731077
887,7,Impressora,5,315.619233,2024-09-15 07:18:20.731077
888,4,Monitor,3,373.519486,2024-08-26 07:18:20.731077
889,9,Mesa,2,828.266363,2025-07-04 07:18:20.731077
890,5,Teclado,3,112.751728,2024-09-20 07:18:20.731077
891,5,Teclado,3,384.317429,2024-09-07 07:18:20.731077
892,2,Smartphone,5,486.544968,2024-09-27 07:18:20.731077
893,3,Tablet,5,651.379498,2024-11-24 07:18:20.731077
894,6,Mouse,5,211.587648,2025-04-27 07:18:20.732077
895,3,Tablet,4,649.159535,2025-07-17 07:18:20.732077
896,1,Notebook,1,443.877063,2025-02-02 07:18:20.732077
897,1,Notebook,1,159.515141,2024-11-29 07:18:20.732077
898,5,Teclado,4,132.670822,2025-03-07 07:18:20.732077
899,1,Notebook,3,231.541066,2025-07-15 07:18:20.732077
900,8,Cadeira,5,405.575103,2024-11-10 07:18:20.732077
901,6,Mouse,4,628.369143,2024-10-29 07:18:20.732077
902,3,Tablet,1,758.688847,2024-12-05 07:18:20.732077
903,3,Tablet,4,454.353148,2024-10-30 07:18:20.732077
904,5,Teclado,4,965.944520,2025-05-01 07:18:20.732077
905,8,Cadeira,4,403.152170,2025-05-21 07:18:20.732077
906,2,Smartphone,3,753.824928,2025-03-13 07:18:20.732077
907,3,Tablet,2,734.684712,2024-10-31 07:18:20.732077
908,7,Impressora,5,968.544537,2024-07-29 07:18:20.732077
909,3,Tablet,3,981.663866,2025-02-11 07:18:20.732077
910,4,Monitor,1,999.117028,2025-06-02 07:18:20.732077
911,9,Mesa,1,586.204385,2025-02-25 07:18:20.732077
912,5,Teclado,3,719.855698,2025-03-15 07:18:20.732077
913,4,Monitor,1,572.367664,2024-08-18 07:18:20.732077
914,1,Notebook,3,944.688913,2024-12-15 07:18:20.732077
915,8,Cadeira,1,461.293459,2025-07-21 07:18:20.732077
916,7,Impressora,1,890.647223,2025-03-29 07:18:20.732077
917,3,Tablet,3,176.998323,2025-07-18 07:18:20.732077
918,5,Teclado,4,528.956907,2024-10-15 07:18:20.732077
919,8,Cadeira,2,921.708693,2025-04-27 07:18:20.732077
920,8,Cadeira,5,735.240352,2025-01-19 07:18:20.732077
921,7,Impressora,5,952.121121,2025-06-29 07:18:20.732077
922,5,Teclado,3,235.926278,2024-08-26 07:18:20.732077
923,3,Tablet,3,541.035282,2025-05-26 07:18:20.732077
924,9,Mesa,1,731.922874,2024-09-22 07:18:20.732077
925,10,Estante,3,368.063741,2024-08-18 07:18:20.732077
926,6,Mouse,5,670.450373,2025-06-21 07:18:20.733077
927,2,Smartphone,4,207.835810,2025-01-16 07:18:20.733077
928,5,Teclado,2,525.322904,2024-09-28 07:18:20.733077
929,1,Notebook,1,474.529109,2025-06-25 07:18:20.733077
930,8,Cadeira,2,542.443168,2024-08-06 07:18:20.733077
931,5,Teclado,1,809.829618,2025-06-26 07:18:20.733077
932,4,Monitor,1,547.121293,2025-06-17 07:18:20.733077
933,8,Cadeira,4,587.319898,2025-01-31 07:18:20.733077
934,4,Monitor,2,591.517699,2025-07-15 07:18:20.733077
935,4,Monitor,2,516.733207,2025-03-08 07:18:20.733077
936,8,Cadeira,2,720.192739,2025-04-02 07:18:20.733077
937,8,Cadeira,4,476.974188,2025-07-06 07:18:20.733077
938,4,Monitor,5,844.916611,2025-01-24 07:18:20.733077
939,8,Cadeira,3,169.346778,2025-05-27 07:18:20.733077
940,10,Estante,4,764.533091,2024-08-27 07:18:20.733077
941,2,Smartphone,4,279.018015,2025-04-14 07:18:20.733077
942,1,Notebook,1,862.380548,2025-03-22 07:18:20.733077
943,1,Notebook,3,822.799776,2024-11-12 07:18:20.733077
944,4,Monitor,1,383.291257,2024-09-03 07:18:20.733077
945,5,Teclado,5,994.885660,2024-10-22 07:18:20.733077
946,9,Mesa,5,399.656935,2025-02-14 07:18:20.733077
947,2,Smartphone,4,319.546456,2025-03-25 07:18:20.733077
948,6,Mouse,1,460.537389,2025-06-26 07:18:20.733077
949,5,Teclado,3,873.332436,2025-04-17 07:18:20.733077
950,6,Mouse,2,439.789061,2025-01-13 07:18:20.734076
951,7,Impressora,5,398.477599,2025-01-31 07:18:20.734076
952,5,Teclado,3,968.404720,2025-01-23 07:18:20.734076
953,2,Smartphone,5,309.870828,2025-05-04 07:18:20.734076
954,3,Tablet,3,635.534063,2024-11-20 07:18:20.734076
955,8,Cadeira,5,768.117270,2025-05-09 07:18:20.734076
956,1,Notebook,3,394.652147,2024-11-14 07:18:20.734076
957,7,Impressora,4,107.978526,2024-12-08 07:18:20.734076
958,10,Estante,5,746.327716,2025-07-10 07:18:20.734076
959,10,Estante,2,702.740344,2024-08-17 07:18:20.734076
960,6,Mouse,2,472.210899,2024-08-04 07:18:20.734076
961,3,Tablet,5,246.808812,2025-02-26 07:18:20.734076
962,8,Cadeira,5,107.642672,2025-05-08 07:18:20.734076
963,7,Impressora,5,694.815444,2024-08-04 07:18:20.734076
964,9,Mesa,3,639.019032,2025-05-11 07:18:20.734076
965,3,Tablet,4,291.476619,2024-09-19 07:18:20.734076
966,2,Smartphone,5,139.643649,2024-12-24 07:18:20.734076
967,4,Monitor,5,943.861022,2024-08-14 07:18:20.734076
968,7,Impressora,4,858.384641,2024-09-24 07:18:20.734076
969,6,Mouse,1,871.886675,2025-07-23 07:18:20.734076
970,2,Smartphone,3,909.360782,2024-09-25 07:18:20.734076
971,1,Notebook,5,640.215752,2024-12-18 07:18:20.734076
972,10,Estante,3,402.349683,2025-04-22 07:18:20.734076
973,4,Monitor,3,784.775260,2025-01-25 07:18:20.734076
974,4,Monitor,5,741.493911,2024-10-27 07:18:20.734076
975,8,Cadeira,4,235.420148,2025-03-15 07:18:20.734076
976,8,Cadeira,1,993.144387,2025-02-06 07:18:20.734076
977,6,Mouse,5,199.671730,2025-03-09 07:18:20.734076
978,1,Notebook,1,819.616076,2024-09-23 07:18:20.734076
979,3,Tablet,5,222.259036,2025-05-23 07:18:20.734076
980,1,Notebook,1,920.343587,2025-06-18 07:18:20.734076
981,5,Teclado,2,654.569358,2024-10-31 07:18:20.734076
982,10,Estante,3,485.804389,2025-05-01 07:18:20.734076
983,3,Tablet,5,789.704933,2024-08-12 07:18:20.734076
984,10,Estante,3,672.670415,2025-05-23 07:18:20.734076
985,6,Mouse,5,182.954792,2025-06-22 07:18:20.734076
986,3,Tablet,2,974.017159,2024-08-15 07:18:20.734076
987,6,Mouse,3,255.846864,2025-01-04 07:18:20.734076
988,9,Mesa,3,809.629305,2024-11-17 07:18:20.734076
989,4,Monitor,5,737.746604,2024-08-16 07:18:20.734076
990,6,Mouse,3,380.806874,2024-11-05 07:18:20.735076
991,4,Monitor,5,118.082364,2025-03-30 07:18:20.735076
992,2,Smartphone,1,554.367220,2025-06-02 07:18:20.735076
993,1,Notebook,3,395.527581,2024-10-28 07:18:20.735076
994,4,Monitor,3,381.977180,2024-12-26 07:18:20.735076
995,3,Tablet,2,858.092416,2024-10-16 07:18:20.735076
996,8,Cadeira,1,847.978015,2025-03-25 07:18:20.735076
997,4,Monitor,5,327.606815,2024-12-30 07:18:20.735076
998,6,Mouse,3,813.382314,2024-11-19 07:18:20.735076
999,10,Estante,4,392.899491,2024-12-07 07:18:20.735076
